time_seconds,level_percent,volume_litres,inflow_lps,outflow_lps,net_flow_lps,pump_command_percent,outlet_valve_percent
0.0,20.17639320225002,201.7639320225002,4.0,2.23606797749979,1.7639320225002102,50.0,50.0
1.0,20.351802501183332,203.51802501183334,4.0,2.2459070106668495,1.7540929893331505,50.0,50.0
2.0,20.526237640770724,205.26237640770725,4.0,2.255648604126058,1.744351395873942,50.0,50.0
3.0,20.699708185507337,206.99708185507336,4.0,2.265294552633869,1.7347054473661312,50.0,50.0
4.0,20.872223525664594,208.72223525664594,4.0,2.274846598427427,1.7251534015725731,50.0,50.0
5.0,21.04379288233021,210.4379288233021,4.0,2.2843064333438603,1.7156935666561397,50.0,50.0
6.0,21.21442531224711,212.1442531224711,4.0,2.293675700830994,1.706324299169006,50.0,50.0
7.0,21.38412971246149,213.84129712461493,4.0,2.302955997856185,1.697044002143815,50.0,50.0
8.0,21.55291482478954,215.52914824789536,4.0,2.3121488767195277,1.6878511232804723,50.0,50.0
9.0,21.720789240111817,217.2078924011182,4.0,2.321255846777211,1.6787441532227891,50.0,50.0
10.0,21.887761402503774,218.87761402503776,4.0,2.33027837608041,1.6697216239195898,50.0,50.0
11.0,22.0538396132103,220.538396132103,4.0,2.3392178929347187,1.6607821070652813,50.0,50.0
12.0,22.219032034471823,222.19032034471823,4.0,2.348075787384763,1.6519242126152371,50.0,50.0
13.0,22.383346693208985,223.83346693208986,4.0,2.356853412628362,1.6431465873716382,50.0,50.0
14.0,22.546791484572555,225.46791484572557,4.0,2.365552086364248,1.6344479136357521,50.0,50.0
15.0,22.70937417536484,227.0937417536484,4.0,2.374173092077142,1.6258269079228578,50.0,50.0
16.0,22.87110240733847,228.7110240733847,4.0,2.3827176802636965,1.6172823197363035,50.0,50.0
17.0,23.031983700378213,230.3198370037821,4.0,2.391187069602589,1.608812930397411,50.0,50.0
18.0,23.192025455571024,231.92025455571024,4.0,2.3995824480718624,1.6004175519281376,50.0,50.0
19.0,23.35123495816939,233.51234958169388,4.0,2.407904974016366,1.592095025983634,50.0,50.0
20.0,23.509619380452587,235.09619380452588,4.0,2.4161557771680093,1.5838442228319907,50.0,50.0
21.0,23.667185784490453,236.6718578449045,4.0,2.4243359596213447,1.5756640403786553,50.0,50.0
22.0,23.823941124813768,238.23941124813766,4.0,2.4324465967668463,1.5675534032331537,50.0,50.0
23.0,23.97989225099536,239.79892250995357,4.0,2.4404887381841043,1.5595112618158957,50.0,50.0
24.0,24.135045910145656,241.35045910145658,4.0,2.4484634084970187,1.5515365915029813,50.0,50.0
25.0,24.289408749326363,242.89408749326364,4.0,2.4563716081929488,1.5436283918070512,50.0,50.0
26.0,24.442987317885596,244.42987317885596,4.0,2.464214314407655,1.5357856855923449,50.0,50.0
27.0,24.59578806971782,245.95788069717818,4.0,2.471992481677766,1.5280075183222341,50.0,50.0
28.0,24.74781736545158,247.47817365451579,4.0,2.47970704266239,1.52029295733761,50.0,50.0
29.0,24.899081474568042,248.9908147456804,4.0,2.4873589088354127,1.5126410911645873,50.0,50.0
30.0,25.049586577453052,250.49586577453053,4.0,2.4949489711499133,1.5050510288500867,50.0,50.0
31.0,25.19933876738545,251.99338767385447,4.0,2.5024781006760604,1.4975218993239396,50.0,50.0
32.0,25.34834405246407,253.4834405246407,4.0,2.509947149213776,1.490052850786224,50.0,50.0
33.0,25.496608357475935,254.96608357475935,4.0,2.517356949881367,1.4826430501186332,50.0,50.0
34.0,25.644137525707812,256.4413752570781,4.0,2.5247083176812692,1.4752916823187308,50.0,50.0
35.0,25.79093732070341,257.9093732070341,4.0,2.532002050043987,1.467997949956013,50.0,50.0
36.0,25.937013427968285,259.3701342796829,4.0,2.5392389273512355,1.4607610726487645,50.0,50.0
37.0,26.082371456624358,260.8237145662436,4.0,2.546419713439258,1.453580286560742,50.0,50.0
38.0,26.227016941016036,262.27016941016035,4.0,2.553545156083223,1.446454843916777,50.0,50.0
39.0,26.37095534226968,263.7095534226968,4.0,2.5606159874635654,1.4393840125364346,50.0,50.0
40.0,26.514192049808166,265.1419204980817,4.0,2.567632924615086,1.432367075384914,50.0,50.0
41.0,26.656732382822206,266.5673238282221,4.0,2.574596669859581,1.4254033301404192,50.0,50.0
42.0,26.798581591699932,267.98581591699934,4.0,2.5815079112227317,1.4184920887772683,50.0,50.0
43.0,26.939744859416333,269.39744859416334,4.0,2.588367322835958,1.4116326771640422,50.0,50.0
44.0,27.080227302883948,270.80227302883947,4.0,2.595175565323873,1.4048244346761272,50.0,50.0
45.0,27.220033974266144,272.20033974266147,4.0,2.6019332861779887,1.3980667138220113,50.0,50.0
46.0,27.359169862254422,273.59169862254424,4.0,2.6086411201172415,1.3913588798827585,50.0,50.0
47.0,27.497639893310826,274.97639893310827,4.0,2.6152996894359175,1.3847003105640825,50.0,50.0
48.0,27.635448932876876,276.35448932876875,4.0,2.6219096043394985,1.3780903956605015,50.0,50.0
49.0,27.772601786549977,277.7260178654998,4.0,2.628471463268951,1.371528536731049,50.0,50.0
50.0,27.909103201228586,279.09103201228584,4.0,2.6349858532139208,1.3650141467860792,50.0,50.0
51.0,28.04495786622706,280.4495786622706,4.0,2.6414533500153183,1.3585466499846817,50.0,50.0
52.0,28.18017041436129,281.8017041436129,4.0,2.6478745186577033,1.3521254813422967,50.0,50.0
53.0,28.314745423006098,283.147454230061,4.0,2.6542499135519098,1.3457500864480902,50.0,50.0
54.0,28.448687415125274,284.4868741512527,4.0,2.6605800788082896,1.3394199211917104,50.0,50.0
55.0,28.58200086027518,285.8200086027518,4.0,2.6668655485009585,1.3331344514990415,50.0,50.0
56.0,28.714690175582835,287.14690175582837,4.0,2.6731068469234067,1.3268931530765933,50.0,50.0
57.0,28.84675972669925,288.4675972669925,4.0,2.6793044888358075,1.3206955111641925,50.0,50.0
58.0,28.978213828728812,289.7821382872881,4.0,2.6854589797043653,1.3145410202956347,50.0,50.0
59.0,29.109056747135508,291.0905674713551,4.0,2.6915708159329936,1.3084291840670064,50.0,50.0
60.0,29.239292698626745,292.39292698626747,4.0,2.69764048508764,1.30235951491236,50.0,50.0
61.0,29.368925852015394,293.68925852015394,4.0,2.7036684661135295,1.2963315338864705,50.0,50.0
62.0,29.497960329060835,294.97960329060834,4.0,2.7096552295456053,1.2903447704543947,50.0,50.0
63.0,29.626400205289592,296.26400205289593,4.0,2.715601237712417,1.2843987622875832,50.0,50.0
64.0,29.75424951079622,297.5424951079622,4.0,2.721506944933707,1.278493055066293,50.0,50.0
65.0,29.881512231025027,298.8151223102503,4.0,2.72737279771194,1.27262720228806,50.0,50.0
66.0,30.00819230753323,300.08192307533227,4.0,2.7331992349179846,1.2668007650820154,50.0,50.0
67.0,30.13429363873611,301.3429363873611,4.0,2.738986687971175,1.2610133120288252,50.0,50.0
68.0,30.259820080634714,302.59820080634717,4.0,2.7447355810139573,1.2552644189860427,50.0,50.0
69.0,30.384775447526586,303.84775447526584,4.0,2.750446331081317,1.2495536689186828,50.0,50.0
70.0,30.509163512700066,305.09163512700064,4.0,2.7561193482651736,1.2438806517348264,50.0,50.0
71.0,30.632988009112673,306.3298800911267,4.0,2.7617550358739305,1.2382449641260695,50.0,50.0
72.0,30.756252630053936,307.5625263005394,4.0,2.7673537905873484,1.2326462094126516,50.0,50.0
73.0,30.878961029793246,308.7896102979324,4.0,2.7729160026069097,1.2270839973930903,50.0,50.0
74.0,31.00111682421306,310.0111682421306,4.0,2.7784420558018317,1.2215579441981683,50.0,50.0
75.0,31.12272359142797,311.2272359142797,4.0,2.7839323278508883,1.2160676721491117,50.0,50.0
76.0,31.243784872389952,312.4378487238995,4.0,2.7893871903801726,1.2106128096198274,50.0,50.0
77.0,31.36430417148025,313.6430417148025,4.0,2.7948070090969583,1.2051929909030417,50.0,50.0
78.0,31.48428495708827,314.8428495708827,4.0,2.8001921439197814,1.1998078560802186,50.0,50.0
79.0,31.60373066217779,316.0373066217779,4.0,2.805542949104873,1.194457050895127,50.0,50.0
80.0,31.72264468484088,317.2264468484088,4.0,2.8108597733690748,1.1891402266309252,50.0,50.0
81.0,31.841030388839947,318.4103038883995,4.0,2.816142960009349,1.183857039990651,50.0,50.0
82.0,31.958891104138047,319.58891104138047,4.0,2.8213928470190015,1.1786071529809985,50.0,50.0
83.0,32.07623012741798,320.7623012741798,4.0,2.8266097672007207,1.1733902327992793,50.0,50.0
84.0,32.19305072259033,321.9305072259033,4.0,2.8317940482765507,1.1682059517234493,50.0,50.0
85.0,32.30935612129084,323.0935612129084,4.0,2.8369460129948862,1.1630539870051138,50.0,50.0
86.0,32.42514952336739,324.25149523367384,4.0,2.8420659792345973,1.1579340207654027,50.0,50.0
87.0,32.54043409735675,325.4043409735675,4.0,2.847154260106369,1.152845739893631,50.0,50.0
88.0,32.65521298095162,326.55212980951615,4.0,2.852211164051355,1.1477888359486448,50.0,50.0
89.0,32.7694892814579,327.69489281457896,4.0,2.857236994937225,1.142763005062775,50.0,50.0
90.0,32.883266076242734,328.83266076242734,4.0,2.86223205215169,1.1377679478483098,50.0,50.0
91.0,32.99654641317338,329.96546413173377,4.0,2.8671966306935914,1.1328033693064086,50.0,50.0
92.0,33.10933331104721,331.09333311047214,4.0,2.872131021261625,1.127868978738375,50.0,50.0
93.0,33.22162976001313,332.2162976001313,4.0,2.8770355103407748,1.1229644896592252,50.0,50.0
94.0,33.33343872198448,333.33438721984476,4.0,2.881910380286535,1.1180896197134649,50.0,50.0
95.0,33.44476313104378,334.4476313104378,4.0,2.88675590940698,1.11324409059302,50.0,50.0
96.0,33.5556058938395,335.55605893839504,4.0,2.8915723720427517,1.1084276279572483,50.0,50.0
97.0,33.665969889974996,336.65969889974997,4.0,2.896360038645036,1.103639961354964,50.0,50.0
98.0,33.77585797238984,337.7585797238983,4.0,2.90111917585158,1.09888082414842,50.0,50.0
99.0,33.885272967733755,338.85272967733755,4.0,2.9058500465608095,1.0941499534391905,50.0,50.0
100.0,33.99421767673334,339.9421767673334,4.0,2.910552910004118,1.0894470899958821,50.0,50.0
101.0,34.10269487455171,341.0269487455171,4.0,2.915228021816361,1.084771978183639,50.0,50.0
102.0,34.21070731114124,342.10707311141243,4.0,2.919875634104632,1.0801243658953679,50.0,50.0
103.0,34.3182577115897,343.182577115897,4.0,2.9244959955153487,1.0755040044846513,50.0,50.0
104.0,34.42534877645973,344.2534877645973,4.0,2.929089351299722,1.070910648700278,50.0,50.0
105.0,34.53198318212197,345.3198318212197,4.0,2.9336559433776372,1.0663440566223628,50.0,50.0
106.0,34.63816358108197,346.38163581081966,4.0,2.9381960104000027,1.0618039895999973,50.0,50.0
107.0,34.74389260230101,347.4389260230101,4.0,2.942709787809612,1.057290212190388,50.0,50.0
108.0,34.84917285151095,348.4917285151095,4.0,2.947197507900557,1.0528024920994432,50.0,50.0
109.0,34.95400691152333,349.5400691152333,4.0,2.9516593998762355,1.0483406001237645,50.0,50.0
110.0,35.05839734253273,350.58397342532726,4.0,2.9560956899060002,1.0439043100939998,50.0,50.0
111.0,35.16234668241467,351.62346682414676,4.0,2.960506601180477,1.039493398819523,50.0,50.0
112.0,35.26585744701812,352.6585744701812,4.0,2.9648923539655985,1.0351076460344015,50.0,50.0
113.0,35.36893213045258,353.6893213045258,4.0,2.969253165655386,1.030746834344614,50.0,50.0
114.0,35.47157320537023,354.71573205370225,4.0,2.9735892508235136,1.0264107491764864,50.0,50.0
115.0,35.57378312324286,355.7378312324286,4.0,2.977900821273697,1.022099178726303,50.0,50.0
116.0,35.67556431463398,356.75564314633976,4.0,2.9821880860889234,1.0178119139110766,50.0,50.0
117.0,35.77691918946602,357.7691918946602,4.0,2.986451251679574,1.0135487483204262,50.0,50.0
118.0,35.87785013728298,358.77850137282974,4.0,2.9906905218304525,1.0093094781695475,50.0,50.0
119.0,35.9783595275083,359.78359527508303,4.0,2.994906097746763,1.005093902253237,50.0,50.0
120.0,36.078449709698404,360.784497096984,4.0,2.9990981780990555,1.0009018219009445,50.0,50.0
121.0,36.17812301379169,361.7812301379169,4.0,3.003266959067176,0.9967330409328241,50.0,50.0
122.0,36.27738175035337,362.77381750353373,4.0,3.0074126343832375,0.9925873656167625,50.0,50.0
123.0,36.37622821081601,363.7622821081601,4.0,3.011535395373653,0.9884646046263472,50.0,50.0
124.0,36.474664667715984,364.74664667715984,4.0,3.0156354310002396,0.9843645689997604,50.0,50.0
125.0,36.57269337492595,365.72693374925944,4.0,3.0197129279004313,0.9802870720995687,50.0,50.0
126.0,36.67031656788329,366.7031656788329,4.0,3.0237680704266134,0.9762319295733866,50.0,50.0
127.0,36.76753646381483,367.67536463814827,4.0,3.0278010406846123,0.9721989593153877,50.0,50.0
128.0,36.86435526195769,368.64355261957695,4.0,3.0318120185713537,0.9681879814286463,50.0,50.0
129.0,36.960775143776516,369.60775143776516,4.0,3.035801181811718,0.9641988181882821,50.0,50.0
130.0,37.05679827317706,370.56798273177054,4.0,3.0397687059946072,0.9602312940053928,50.0,50.0
131.0,37.152426796716234,371.52426796716236,4.0,3.043714764608252,0.9562852353917481,50.0,50.0
132.0,37.24766284380876,372.4766284380876,4.0,3.0476395290747655,0.9523604709252345,50.0,50.0
133.0,37.34250852693036,373.4250852693036,4.0,3.051543168783983,0.9484568312160171,50.0,50.0
134.0,37.436965941817704,374.36965941817704,4.0,3.055425851126581,0.9445741488734192,50.0,50.0
135.0,37.53103716766505,375.3103716766505,4.0,3.0592877415265187,0.9407122584734813,50.0,50.0
136.0,37.62472426731777,376.24724267317765,4.0,3.063129003472799,0.9368709965272011,50.0,50.0
137.0,37.718029287462706,377.18029287462707,4.0,3.0669497985505796,0.9330502014494204,50.0,50.0
138.0,37.81095425881554,378.1095425881554,4.0,3.070750286471643,0.9292497135283568,50.0,50.0
139.0,37.90350119630513,379.03501196305126,4.0,3.0745306251042424,0.9254693748957576,50.0,50.0
140.0,37.9956720992549,379.956720992549,4.0,3.078290970502347,0.9217090294976531,50.0,50.0
141.0,38.08746895156146,380.87468951561465,4.0,3.082031476934284,0.9179685230657162,50.0,50.0
142.0,38.17889372187038,381.7889372187038,4.0,3.0857522969108144,0.9142477030891856,50.0,50.0
143.0,38.269948363749116,382.69948363749114,4.0,3.0894535812126382,0.9105464187873618,50.0,50.0
144.0,38.36063481585738,383.6063481585738,4.0,3.0931354789173526,0.9068645210826474,50.0,50.0
145.0,38.450955002114796,384.50955002114796,4.0,3.0967981374258713,0.9032018625741287,50.0,50.0
146.0,38.540910831865965,385.40910831865966,4.0,3.100441702488324,0.899558297511676,50.0,50.0
147.0,38.63050420004302,386.3050420004302,4.0,3.1040663182294432,0.8959336817705568,50.0,50.0
148.0,38.719736987325675,387.1973698732568,4.0,3.1076721271734495,0.8923278728265505,50.0,50.0
149.0,38.80861106029883,388.0861106029883,4.0,3.1112592702684583,0.8887407297315417,50.0,50.0
150.0,38.897128271607784,388.97128271607784,4.0,3.1148278869104002,0.8851721130895998,50.0,50.0
151.0,38.98529046011113,389.85290460111133,4.0,3.1183781149664878,0.8816218850335122,50.0,50.0
152.0,39.073099451031304,390.73099451031305,4.0,3.121910090798225,0.8780899092017749,50.0,50.0
153.0,39.16055705610291,391.6055705610291,4.0,3.125423949283973,0.8745760507160272,50.0,50.0
154.0,39.24766507371879,392.476650737188,4.0,3.128919823841085,0.8710801761589151,50.0,50.0
155.0,39.334425289074034,393.34425289074034,4.0,3.1323978464476214,0.8676021535523786,50.0,50.0
156.0,39.42083947430767,394.20839474307667,4.0,3.135858147663652,0.8641418523363482,50.0,50.0
157.0,39.506909388642455,395.0690938864246,4.0,3.139300856652149,0.8606991433478508,50.0,50.0
158.0,39.5926367785225,395.926367785225,4.0,3.1427261011995005,0.8572738988004995,50.0,50.0
159.0,39.678023377748936,396.78023377748934,4.0,3.1461340077356246,0.8538659922643754,50.0,50.0
160.0,39.76307090761356,397.63070907613564,4.0,3.149524701353719,0.8504752986462809,50.0,50.0
161.0,39.8477810770306,398.47781077030595,4.0,3.1528983058296363,0.8471016941703637,50.0,50.0
162.0,39.9321555826665,399.321555826665,4.0,3.156254943640904,0.8437450563590958,50.0,50.0
163.0,40.01619610906796,400.16196109067965,4.0,3.159594735985396,0.840405264014604,50.0,50.0
164.0,40.09990432878799,400.99904328787994,4.0,3.162917802799654,0.8370821972003459,50.0,50.0
165.0,40.183281902510295,401.832819025103,4.0,3.16622426277688,0.83377573722312,50.0,50.0
166.0,40.266330479171835,402.66330479171836,4.0,3.1695142333846005,0.8304857666153995,50.0,50.0
167.0,40.349051696083635,403.4905169608363,4.0,3.1727878308820086,0.8272121691179914,50.0,50.0
168.0,40.43144717904993,404.31447179049934,4.0,3.176045170336988,0.8239548296630121,50.0,50.0
169.0,40.51351854248564,405.13518542485645,4.0,3.179286365642844,0.8207136343571562,50.0,50.0
170.0,40.59526738953216,405.95267389532165,4.0,3.1825115295347177,0.8174884704652823,50.0,50.0
171.0,40.67669531217159,406.7669531217159,4.0,3.185720773605722,0.814279226394278,50.0,50.0
172.0,40.75780389133931,407.5780389133931,4.0,3.188914208322779,0.811085791677221,50.0,50.0
173.0,40.8385946970351,408.385946970351,4.0,3.192091943042184,0.8079080569578161,50.0,50.0
174.0,40.91906928843261,409.1906928843261,4.0,3.195254086024893,0.8047459139751072,50.0,50.0
175.0,40.99922921398746,409.9922921398746,4.0,3.1984007444515377,0.8015992555484623,50.0,50.0
176.0,41.07907601154374,410.7907601154374,4.0,3.201532024437186,0.7984679755628141,50.0,50.0
177.0,41.158611208439154,411.5861120843916,4.0,3.204648031045833,0.7953519689541668,50.0,50.0
178.0,41.2378363216087,412.37836321608694,4.0,3.207748868304654,0.792251131695346,50.0,50.0
179.0,41.31675285768689,413.16752857686896,4.0,3.2108346392179983,0.7891653607820017,50.0,50.0
180.0,41.39536231310878,413.9536231310878,4.0,3.213905445781149,0.7860945542188511,50.0,50.0
181.0,41.47366617420939,414.7366617420939,4.0,3.2169613889938424,0.7830386110061576,50.0,50.0
182.0,41.55166591732204,415.5166591732204,4.0,3.2200025688735634,0.7799974311264366,50.0,50.0
183.0,41.62936300887518,416.2936300887518,4.0,3.223029084468601,0.7769709155313991,50.0,50.0
184.0,41.70675890548809,417.0675890548809,4.0,3.226041033870896,0.7739589661291042,50.0,50.0
185.0,41.78385505406523,417.83855054065225,4.0,3.229038514228659,0.7709614857713412,50.0,50.0
186.0,41.86065289188935,418.6065289188935,4.0,3.232021621758788,0.767978378241212,50.0,50.0
187.0,41.93715384671344,419.3715384671344,4.0,3.2349904517590677,0.7650095482409323,50.0,50.0
188.0,42.01335933685142,420.13359336851425,4.0,3.237945098620167,0.762054901379833,50.0,50.0
189.0,42.08927077126768,420.8927077126768,4.0,3.2408856558374373,0.7591143441625627,50.0,50.0
190.0,42.16488954966543,421.6488954966543,4.0,3.2438122160225182,0.7561877839774818,50.0,50.0
191.0,42.240217062573954,422.40217062573953,4.0,3.2467248709147434,0.7532751290852566,50.0,50.0
192.0,42.31525469143472,423.15254691434717,4.0,3.2496237113923647,0.7503762886076353,50.0,50.0
193.0,42.39000380868635,423.90003808686356,4.0,3.25250882748359,0.7474911725164102,50.0,50.0
194.0,42.46446577784861,424.6446577784861,4.0,3.2553803083774384,0.7446196916225616,50.0,50.0
195.0,42.538641953605165,425.3864195360517,4.0,3.258238242434422,0.7417617575655782,50.0,50.0
196.0,42.61253368188546,426.1253368188546,4.0,3.26108271719705,0.7389172828029502,50.0,50.0
197.0,42.68614229994544,426.8614229994544,4.0,3.263913819400164,0.7360861805998362,50.0,50.0
198.0,42.75946913644732,427.59469136447325,4.0,3.2667316349811104,0.7332683650188896,50.0,50.0
199.0,42.83251551153835,428.3251551153835,4.0,3.2695362490897435,0.7304637509102565,50.0,50.0
200.0,42.90528273692852,429.0528273692852,4.0,3.27232774609827,0.72767225390173,50.0,50.0
201.0,42.977772115967426,429.7777211596743,4.0,3.2751062096109385,0.7248937903890615,50.0,50.0
202.0,43.04998494372006,430.4998494372007,4.0,3.2778717224735714,0.7221282775264286,50.0,50.0
203.0,43.121922507041766,431.2192250704177,4.0,3.2806243667829476,0.7193756332170524,50.0,50.0
204.0,43.19358608465216,431.9358608465216,4.0,3.283364223896039,0.7166357761039608,50.0,50.0
205.0,43.264976947208254,432.64976947208254,4.0,3.286091374439098,0.7139086255609022,50.0,50.0
206.0,43.3360963573766,433.36096357376596,4.0,3.2888058983166006,0.7111941016833994,50.0,50.0
207.0,43.406945569904586,434.0694556990459,4.0,3.2915078747200575,0.7084921252799425,50.0,50.0
208.0,43.47752583169092,434.7752583169092,4.0,3.294197382136679,0.7058026178633212,50.0,50.0
209.0,43.54783838185512,435.47838381855126,4.0,3.2968744983579112,0.7031255016420888,50.0,50.0
210.0,43.61788445180634,436.1788445180634,4.0,3.2995393004878393,0.7004606995121607,50.0,50.0
211.0,43.687665265311196,436.876652653112,4.0,3.3021918649514577,0.6978081350485423,50.0,50.0
212.0,43.75718203856091,437.5718203856091,4.0,3.3048322675028152,0.6951677324971848,50.0,50.0
213.0,43.82643598023761,438.2643598023761,4.0,3.3074605832330386,0.6925394167669614,50.0,50.0
214.0,43.89542829157979,438.95428291579793,4.0,3.310076886578226,0.689923113421774,50.0,50.0
215.0,43.96416016644707,439.64160166447067,4.0,3.3126812513272306,0.6873187486727694,50.0,50.0
216.0,44.03263279138414,440.3263279138414,4.0,3.3152737506293155,0.6847262493706845,50.0,50.0
217.0,44.10084734568397,441.0084734568397,4.0,3.3178544570016983,0.6821455429983017,50.0,50.0
218.0,44.168805001450266,441.68805001450266,4.0,3.3204234423369847,0.6795765576630153,50.0,50.0
219.0,44.23650692365922,442.3650692365922,4.0,3.3229807779104843,0.6770192220895157,50.0,50.0
220.0,44.30395427022047,443.03954270220476,4.0,3.32552653438742,0.6744734656125799,50.0,50.0
221.0,44.37114819203747,443.7114819203747,4.0,3.328060781830031,0.6719392181699688,50.0,50.0
222.0,44.43808983306701,444.38089833067005,4.0,3.330583589704568,0.6694164102954319,50.0,50.0
223.0,44.50478033037819,445.0478033037819,4.0,3.333095026888185,0.6669049731118148,50.0,50.0
224.0,44.57122081421062,445.7122081421062,4.0,3.335595161675731,0.6644048383242689,50.0,50.0
225.0,44.63741240803197,446.37412408031975,4.0,3.33808406178644,0.6619159382135602,50.0,50.0
226.0,44.70335622859492,447.0335622859492,4.0,3.3405617943705206,0.6594382056294794,50.0,50.0
227.0,44.76905338599336,447.69053385993357,4.0,3.3430284260156586,0.6569715739843414,50.0,50.0
228.0,44.83450498371801,448.34504983718017,4.0,3.3454840227534097,0.6545159772465903,50.0,50.0
229.0,44.89971211871146,448.9971211871146,4.0,3.347928650065515,0.6520713499344848,50.0,50.0
230.0,44.96467588142245,449.6467588142245,4.0,3.3503623728901126,0.6496376271098874,50.0,50.0
231.0,45.02939735585967,450.2939735585967,4.0,3.352785255627866,0.6472147443721341,50.0,50.0
232.0,45.09387761964487,450.9387761964487,4.0,3.355197362148003,0.6448026378519969,50.0,50.0
233.0,45.15811774406545,451.5811774406545,4.0,3.3575987557942684,0.6424012442057316,50.0,50.0
234.0,45.222118794126374,452.22118794126374,4.0,3.359989499390789,0.6400105006092112,50.0,50.0
235.0,45.28588182860158,452.85881828601583,4.0,3.362369655247857,0.637630344752143,50.0,50.0
236.0,45.34940790008482,453.4940790008482,4.0,3.364739285167633,0.6352607148323668,50.0,50.0
237.0,45.41269805503985,454.12698055039846,4.0,3.367098450449765,0.632901549550235,50.0,50.0
238.0,45.47575333385016,454.75753333850156,4.0,3.369447211896925,0.630552788103075,50.0,50.0
239.0,45.53857477086814,455.3857477086813,4.0,3.3717856298202795,0.6282143701797205,50.0,50.0
240.0,45.601163394463654,456.0116339446365,4.0,3.3741137640448695,0.6258862359551305,50.0,50.0
241.0,45.66352022707217,456.63520227072166,4.0,3.376431673914921,0.6235683260850791,50.0,50.0
242.0,45.72564628524226,457.25646285242266,4.0,3.3787394182990855,0.6212605817009145,50.0,50.0
243.0,45.7875425796827,457.875425796827,4.0,3.3810370555955997,0.6189629444044003,50.0,50.0
244.0,45.849210115308956,458.4921011530896,4.0,3.3833246437373807,0.6166753562626193,50.0,50.0
245.0,45.91064989128925,459.1064989128925,4.0,3.3856022401970436,0.6143977598029564,50.0,50.0
246.0,45.97186290109007,459.7186290109007,4.0,3.3878699019918566,0.6121300980081434,50.0,50.0
247.0,46.032850132521205,460.3285013252121,4.0,3.390127685688626,0.609872314311374,50.0,50.0
248.0,46.093612567780355,460.93612567780355,4.0,3.3923756474085094,0.6076243525914906,50.0,50.0
249.0,46.154151183497184,461.54151183497186,4.0,3.394613842831772,0.605386157168228,50.0,50.0
250.0,46.21446695077693,462.1446695077693,4.0,3.396842327202471,0.6031576727975292,50.0,50.0
251.0,46.27456083524362,462.7456083524362,4.0,3.3990611553330776,0.6009388446669224,50.0,50.0
252.0,46.33443379708272,463.34433797082716,4.0,3.40127038160904,0.5987296183909598,50.0,50.0
253.0,46.39408679108338,463.94086791083384,4.0,3.403470059993283,0.5965299400067172,50.0,50.0
254.0,46.45352076668032,464.5352076668032,4.0,3.405660244030641,0.5943397559693588,50.0,50.0
255.0,46.51273666799509,465.1273666799509,4.0,3.4078409868522446,0.5921590131477554,50.0,50.0
256.0,46.57173543387711,465.7173543387711,4.0,3.4100123411798338,0.5899876588201662,50.0,50.0
257.0,46.630517997944104,466.30517997944105,4.0,3.4121743593300264,0.5878256406699736,50.0,50.0
258.0,46.68908528862225,466.8908528862225,4.0,3.41432709321852,0.5856729067814799,50.0,50.0
259.0,46.747438229185825,467.47438229185826,4.0,3.4164705943642426,0.5835294056357574,50.0,50.0
260.0,46.80557773779648,468.05577737796483,4.0,3.4186049138934522,0.5813950861065478,50.0,50.0
261.0,46.86350472754211,468.6350472754211,4.0,3.4207301025437715,0.5792698974562285,50.0,50.0
262.0,46.92122010647529,469.2122010647529,4.0,3.4228462106681814,0.5771537893318186,50.0,50.0
263.0,46.978724777651394,469.78724777651394,4.0,3.424953288238954,0.575046711761046,50.0,50.0
264.0,47.036019639166234,470.3601963916623,4.0,3.4270513848515387,0.5729486151484613,50.0,50.0
265.0,47.09310558419339,470.9310558419339,4.0,3.429140549728395,0.5708594502716049,50.0,50.0
266.0,47.14998350102111,471.4998350102111,4.0,3.431220831722777,0.568779168277223,50.0,50.0
267.0,47.20665427308886,472.0665427308886,4.0,3.43329227932247,0.5667077206775302,50.0,50.0
268.0,47.26311877902351,472.6311877902351,4.0,3.435354940653471,0.5646450593465291,50.0,50.0
269.0,47.31937789267514,473.1937789267514,4.0,3.437408863483638,0.5625911365163621,50.0,50.0
270.0,47.375432483152515,473.75432483152514,4.0,3.4394540952262735,0.5605459047737265,50.0,50.0
271.0,47.43128341485815,474.3128341485815,4.0,3.4414906829436758,0.5585093170563242,50.0,50.0
272.0,47.48693154752309,474.8693154752309,4.0,3.443518673350638,0.556481326649362,50.0,50.0
273.0,47.5423777362413,475.423777362413,4.0,3.4455381128179052,0.5544618871820948,50.0,50.0
274.0,47.59762283150375,475.9762283150375,4.0,3.4475490473755883,0.5524509526244117,50.0,50.0
275.0,47.652667679232096,476.526676792321,4.0,3.449551522716531,0.550448477283469,50.0,50.0
276.0,47.70751312081213,477.07513120812126,4.0,3.4515455841996383,0.5484544158003617,50.0,50.0
277.0,47.762159993126815,477.6215999312682,4.0,3.4535312768531625,0.5464687231468375,50.0,50.0
278.0,47.816609128589015,478.16609128589016,4.0,3.4555086453779427,0.5444913546220573,50.0,50.0
279.0,47.87086135517396,478.7086135517396,4.0,3.457477734150612,0.5425222658493878,50.0,50.0
280.0,47.92491749645127,479.24917496451275,4.0,3.4594385872267615,0.5405614127732385,50.0,50.0
281.0,47.97877837161686,479.78778371616863,4.0,3.461391248344055,0.538608751655945,50.0,50.0
282.0,48.032444795524334,480.32444795524333,4.0,3.4633357609253275,0.5366642390746725,50.0,50.0
283.0,48.08591757871618,480.85917578716175,4.0,3.465272168081619,0.534727831918381,50.0,50.0
284.0,48.13919752745466,481.3919752745466,4.0,3.4672005126151912,0.5327994873848088,50.0,50.0
285.0,48.19228544375241,481.92285443752417,4.0,3.4691208370224964,0.5308791629775036,50.0,50.0
286.0,48.24518212540269,482.4518212540269,4.0,3.471033183497113,0.5289668165028871,50.0,50.0
287.0,48.297888366009424,482.97888366009425,4.0,3.4729375939326457,0.5270624060673543,50.0,50.0
288.0,48.350404955016856,483.5040495501686,4.0,3.474834109925588,0.5251658900744118,50.0,50.0
289.0,48.402732677739046,484.02732677739044,4.0,3.4767227727781536,0.5232772272218464,50.0,50.0
290.0,48.45487231538895,484.54872315388945,4.0,3.478603623501068,0.5213963764989318,50.0,50.0
291.0,48.506824645107315,485.06824645107315,4.0,3.480476702816331,0.5195232971836692,50.0,50.0
292.0,48.55859043999132,485.5859043999132,4.0,3.4823420511599417,0.5176579488400583,50.0,50.0
293.0,48.61017046912286,486.10170469122863,4.0,3.484199708684597,0.515800291315403,50.0,50.0
294.0,48.66156549759663,486.61565497596627,4.0,3.486049715262351,0.5139502847376489,50.0,50.0
295.0,48.71277628654791,487.12776286547904,4.0,3.4878921104872433,0.5121078895127567,50.0,50.0
296.0,48.76380359318012,487.6380359318012,4.0,3.489726933677903,0.5102730663220969,50.0,50.0
297.0,48.81464817079211,488.1464817079211,4.0,3.491554223880109,0.5084457761198911,50.0,50.0
298.0,48.86531076880517,488.65310768805176,4.0,3.4933740198693335,0.5066259801306665,50.0,50.0
299.0,48.91579213278985,489.1579213278985,4.0,3.495186360153246,0.5048136398467542,50.0,50.0
300.0,48.966093004492436,489.6609300449243,4.0,3.496991282974189,0.5030087170258111,50.0,50.0
301.0,49.016214121861275,490.16214121861276,4.0,3.498788826311629,0.5012111736883709,50.0,50.0
302.0,49.06615621907282,490.6615621907282,4.0,3.5005790278845756,0.49942097211542436,50.0,50.0
303.0,49.11592002655742,491.1592002655742,4.0,3.5023619251539673,0.49763807484603273,50.0,50.0
304.0,49.16550627102491,491.6550627102491,4.0,3.504137555325041,0.4958624446749589,50.0,50.0
305.0,49.21491567548995,492.1491567548995,4.0,3.5059059553496623,0.4940940446503377,50.0,50.0
306.0,49.26414895929708,492.6414895929708,4.0,3.5076671619286355,0.4923328380713645,50.0,50.0
307.0,49.31320683814568,493.13206838145686,4.0,3.509421211513983,0.4905787884860171,50.0,50.0
308.0,49.362090024114565,493.62090024114565,4.0,3.5111681403112014,0.4888318596887986,50.0,50.0
309.0,49.41079922568642,494.1079922568642,4.0,3.51290798428149,0.48709201571851013,50.0,50.0
310.0,49.45933514777202,494.5933514777202,4.0,3.5146407791439516,0.48535922085604843,50.0,50.0
311.0,49.507698491734246,495.07698491734243,4.0,3.5163665603777723,0.4836334396222277,50.0,50.0
312.0,49.555889955411814,495.5588995541181,4.0,3.518085363224372,0.48191463677562796,50.0,50.0
313.0,49.603910233142855,496.0391023314286,4.0,3.5197972226895335,0.48020277731046646,50.0,50.0
314.0,49.651760015788305,496.51760015788307,4.0,3.521502173545505,0.478497826454495,50.0,50.0
315.0,49.699439990754996,496.99439990754996,4.0,3.52320025033308,0.47679974966691985,50.0,50.0
316.0,49.74695084201863,497.4695084201863,4.0,3.524891487363653,0.4751085126363468,50.0,50.0
317.0,49.794293250146495,497.94293250146495,4.0,3.526575918721254,0.473424081278746,50.0,50.0
318.0,49.84146789232004,498.4146789232004,4.0,3.528253578264553,0.471746421735447,50.0,50.0
319.0,49.888475442357155,498.88475442357156,4.0,3.5299244996288532,0.47007550037114676,50.0,50.0
320.0,49.93531657073435,499.3531657073435,4.0,3.5315887162280504,0.4684112837719496,50.0,50.0
321.0,49.981991944608694,499.81991944608694,4.0,3.533246261256578,0.4667537387434222,50.0,50.0
322.0,50.02850222783957,500.2850222783956,4.0,3.5348971676913283,0.46510283230867167,50.0,50.0
323.0,50.07484808101022,500.74848081010214,4.0,3.5365414682935494,0.46345853170645057,50.0,50.0
324.0,50.12103016144914,501.21030161449147,4.0,3.5381791956107245,0.46182080438927553,50.0,50.0
325.0,50.167049123251296,501.670491232513,4.0,3.5398103819784312,0.46018961802156877,50.0,50.0
326.0,50.21290561729907,502.1290561729907,4.0,3.5414350595221737,0.45856494047782626,50.0,50.0
327.0,50.25860029128316,502.5860029128316,4.0,3.543053260159205,0.45694673984079515,50.0,50.0
328.0,50.304133789723124,503.04133789723124,4.0,3.5446650156003163,0.4553349843996837,50.0,50.0
329.0,50.349506753987974,503.4950675398797,4.0,3.546270357351619,0.4537296426483808,50.0,50.0
330.0,50.39471982231635,503.94719822316347,4.0,3.547869316716301,0.4521306832836989,50.0,50.0
331.0,50.4397736298367,504.397736298367,4.0,3.5494619247963612,0.45053807520363875,50.0,50.0
332.0,50.48466880858727,504.8466880858727,4.0,3.55104821249433,0.4489517875056701,50.0,50.0
333.0,50.52940598753578,505.2940598753578,4.0,3.552628210514973,0.4473717894850271,50.0,50.0
334.0,50.57398579259909,505.73985792599086,4.0,3.5542019493669663,0.4457980506330337,50.0,50.0
335.0,50.61840884666263,506.1840884666263,4.0,3.555769459364565,0.4442305406354352,50.0,50.0
336.0,50.66267576959971,506.6267576959971,4.0,3.557330770629245,0.4426692293707548,50.0,50.0
337.0,50.70678717829057,507.06787178290574,4.0,3.5588859130913324,0.4411140869086676,50.0,50.0
338.0,50.75074368664141,507.50743686641414,4.0,3.560434916491613,0.43956508350838686,50.0,50.0
339.0,50.794545905603115,507.94545905603115,4.0,3.5619778103829267,0.4380221896170733,50.0,50.0
340.0,50.83819444318994,508.3819444318994,4.0,3.5635146241317406,0.4364853758682594,50.0,50.0
341.0,50.88168990449796,508.81689904497966,4.0,3.5650453869197074,0.4349546130802926,50.0,50.0
342.0,50.92503289172344,509.2503289172344,4.0,3.5665701277452113,0.4334298722547887,50.0,50.0
343.0,50.96822400418094,509.68224004180945,4.0,3.5680888754248907,0.4319111245751093,50.0,50.0
344.0,51.01126383832142,510.11263838321423,4.0,3.5696016585951487,0.43039834140485134,50.0,50.0
345.0,51.05415298775006,510.5415298775006,4.0,3.5711085057136467,0.4288914942863533,50.0,50.0
346.0,51.09689204324398,510.9689204324398,4.0,3.572609445060783,0.4273905549392172,50.0,50.0
347.0,51.13948159276986,511.3948159276987,4.0,3.5741045047411517,0.4258954952588483,50.0,50.0
348.0,51.18192222150135,511.81922221501355,4.0,3.575593712684995,0.42440628731500496,50.0,50.0
349.0,51.22421451183639,512.2421451183639,4.0,3.577077096649629,0.4229229033503712,50.0,50.0
350.0,51.2663590434143,512.663590434143,4.0,3.5785546842208653,0.4214453157791347,50.0,50.0
351.0,51.30835639313285,513.0835639313285,4.0,3.5800265028144103,0.41997349718558974,50.0,50.0
352.0,51.35020713516513,513.5020713516512,4.0,3.581492579677251,0.418507420322749,50.0,50.0
353.0,51.39191184097622,513.9191184097622,4.0,3.582952941889034,0.417047058110966,50.0,50.0
354.0,51.433471079339874,514.3347107933988,4.0,3.5844076163634147,0.41559238363658535,50.0,50.0
355.0,51.47488541635493,514.7488541635494,4.0,3.5858566298494097,0.41414337015059033,50.0,50.0
356.0,51.51615541546166,515.1615541546166,4.0,3.5873000089327256,0.4126999910672744,50.0,50.0
357.0,51.55728163745796,515.5728163745796,4.0,3.5887377800370723,0.41126221996292767,50.0,50.0
358.0,51.59826464051541,515.9826464051541,4.0,3.5901699694254714,0.4098300305745286,50.0,50.0
359.0,51.63910498019526,516.3910498019526,4.0,3.5915966032015416,0.4084033967984584,50.0,50.0
360.0,51.67980320946418,516.7980320946418,4.0,3.59301770731078,0.40698229268922015,50.0,50.0
361.0,51.72035987871,517.2035987871,4.0,3.594433307541822,0.4055666924581778,50.0,50.0
362.0,51.76077553575723,517.6077553575723,4.0,3.595843429527696,0.404156570472304,50.0,50.0
363.0,51.801050725882526,518.0105072588252,4.0,3.5972480987470554,0.4027519012529446,50.0,50.0
364.0,51.841185991829974,518.4118599182998,4.0,3.5986473405254134,0.40135265947458665,50.0,50.0
365.0,51.88118187382634,518.8118187382635,4.0,3.6000411800363468,0.39995881996365323,50.0,50.0
366.0,51.921038909596064,519.2103890959606,4.0,3.6014296423027043,0.39857035769729565,50.0,50.0
367.0,51.960757634376286,519.6075763437628,4.0,3.6028127521977904,0.3971872478022096,50.0,50.0
368.0,52.00033858093164,520.0033858093163,4.0,3.6041905344465452,0.39580946555345475,50.0,50.0
369.0,52.03978227956897,520.3978227956896,4.0,3.605563013626708,0.39443698637329216,50.0,50.0
370.0,52.07908925815197,520.7908925815196,4.0,3.606930214169972,0.39306978583002783,50.0,50.0
371.0,52.11826004211565,521.1826004211565,4.0,3.608292160363126,0.39170783963687406,50.0,50.0
372.0,52.157295154480735,521.5729515448073,4.0,3.6096488763491816,0.39035112365081837,50.0,50.0
373.0,52.19619511586788,521.9619511586789,4.0,3.6110003861285014,0.3889996138714986,50.0,50.0
374.0,52.23496044451189,522.3496044451189,4.0,3.612346713559895,0.3876532864401052,50.0,50.0
375.0,52.273591656275705,522.7359165627571,4.0,3.6136878823617256,0.38631211763827444,50.0,50.0
376.0,52.31208926466441,523.120892646644,4.0,3.615023916112994,0.3849760838870062,50.0,50.0
377.0,52.350453780838954,523.5045378083896,4.0,3.616354838254413,0.38364516174558716,50.0,50.0
378.0,52.38868571363001,523.8868571363001,4.0,3.617680672089473,0.38231932791052703,50.0,50.0
379.0,52.42678556955146,524.2678556955146,4.0,3.619001440785497,0.3809985592145031,50.0,50.0
380.0,52.46475385281399,524.64753852814,4.0,3.6203171673746852,0.37968283262531477,50.0,50.0
381.0,52.502591065338464,525.0259106533847,4.0,3.6216278747551494,0.37837212524485064,50.0,50.0
382.0,52.540297706769266,525.4029770676926,4.0,3.6229335856919342,0.37706641430806576,50.0,50.0
383.0,52.57787427448747,525.7787427448746,4.0,3.6242343228180376,0.3757656771819624,50.0,50.0
384.0,52.615321263623926,526.1532126362392,4.0,3.625530108635407,0.3744698913645932,50.0,50.0
385.0,52.65263916707234,526.5263916707233,4.0,3.6268209655159414,0.37317903448405865,50.0,50.0
386.0,52.68982847550209,526.8982847550209,4.0,3.6281069157024692,0.37189308429753076,50.0,50.0
387.0,52.72688967737111,527.2688967737112,4.0,3.6293879813097307,0.3706120186902693,50.0,50.0
388.0,52.76382325893857,527.6382325893857,4.0,3.630664184325339,0.3693358156746611,50.0,50.0
389.0,52.800629704277505,528.006297042775,4.0,3.6319355466107384,0.36806445338926164,50.0,50.0
390.0,52.837309495287286,528.3730949528729,4.0,3.633202089902153,0.3667979100978469,50.0,50.0
391.0,52.87386311170613,528.7386311170613,4.0,3.634463835811525,0.3655361641884749,50.0,50.0
392.0,52.91029103112339,529.1029103112339,4.0,3.6357208058274404,0.3642791941725596,50.0,50.0
393.0,52.946593728991786,529.4659372899179,4.0,3.6369730213160567,0.3630269786839433,50.0,50.0
394.0,52.98277167863959,529.8277167863959,4.0,3.63822050352201,0.3617794964779901,50.0,50.0
395.0,53.01882535128266,530.1882535128266,4.0,3.6394632735693175,0.36053672643068246,50.0,50.0
396.0,53.05475521603643,530.5475521603643,4.0,3.640701352462279,0.3592986475377211,50.0,50.0
397.0,53.09056173992781,530.9056173992781,4.0,3.641934761086352,0.35806523891364783,50.0,50.0
398.0,53.1262453879069,531.262453879069,4.0,3.643163520209044,0.3568364797909558,50.0,50.0
399.0,53.16180662285882,531.6180662285882,4.0,3.644387650480767,0.35561234951923293,50.0,50.0
400.0,53.197245905615254,531.9724590561525,4.0,3.645607172435712,0.354392827564288,50.0,50.0
401.0,53.23256369496598,532.3256369496598,4.0,3.646822106492694,0.353177893507306,50.0,50.0
402.0,53.26776044767038,532.6776044767039,4.0,3.648032472956004,0.35196752704399614,50.0,50.0
403.0,53.30283661846876,533.0283661846877,4.0,3.649238292016239,0.35076170798376083,50.0,50.0
404.0,53.33779266009364,533.3779266009365,4.0,3.6504395837511394,0.3495604162488606,50.0,50.0
405.0,53.37262902328101,533.72629023281,4.0,3.6516363681264066,0.3483636318735934,50.0,50.0
406.0,53.40734615678136,534.0734615678135,4.0,3.652828664996519,0.34717133500348085,50.0,50.0
407.0,53.4419445073708,534.419445073708,4.0,3.65401649410554,0.34598350589446003,50.0,50.0
408.0,53.47642451986201,534.7642451986201,4.0,3.6551998750879138,0.3448001249120862,50.0,50.0
409.0,53.51078663711508,535.1078663711509,4.0,3.656378827469263,0.343621172530737,50.0,50.0
410.0,53.545031300048365,535.4503130004837,4.0,3.657553370667169,0.342446629332831,50.0,50.0
411.0,53.57915894764918,535.7915894764917,4.0,3.658723523991952,0.3412764760080478,50.0,50.0
412.0,53.61317001698445,536.1317001698444,4.0,3.659889306647442,0.34011069335255817,50.0,50.0
413.0,53.64706494321128,536.4706494321127,4.0,3.661050737731739,0.33894926226826083,50.0,50.0
414.0,53.68084415958748,536.8084415958748,4.0,3.6622078362379735,0.3377921637620265,50.0,50.0
415.0,53.714508097481975,537.1450809748197,4.0,3.663360621055054,0.336639378944946,50.0,50.0
416.0,53.74805718638513,537.4805718638513,4.0,3.6645091109684107,0.3354908890315893,50.0,50.0
417.0,53.781491853919064,537.8149185391906,4.0,3.665653324660733,0.3343466753392672,50.0,50.0
418.0,53.8148125258478,538.148125258478,4.0,3.6667932807126946,0.3332067192873054,50.0,50.0
419.0,53.84801962608743,538.4801962608743,4.0,3.6679289976036817,0.33207100239631826,50.0,50.0
420.0,53.881113576716174,538.8111357671618,4.0,3.669060493712506,0.330939506287494,50.0,50.0
421.0,53.91409479798437,539.1409479798436,4.0,3.6701877873181155,0.32981221268188454,50.0,50.0
422.0,53.94696370832433,539.4696370832434,4.0,3.671310896600299,0.32868910339970103,50.0,50.0
423.0,53.979720724360305,539.797207243603,4.0,3.6724298396403823,0.3275701603596177,50.0,50.0
424.0,54.01236626091811,540.1236626091811,4.0,3.6735446344219196,0.3264553655780804,50.0,50.0
425.0,54.044900731034964,540.4490073103497,4.0,3.6746552988313788,0.32534470116862124,50.0,50.0
426.0,54.077324545969084,540.7732454596909,4.0,3.675761850658818,0.3242381493411819,50.0,50.0
427.0,54.10963811520922,541.0963811520922,4.0,3.6768643075985645,0.32313569240143547,50.0,50.0
428.0,54.14184184648424,541.4184184648424,4.0,3.677962687249873,0.32203731275012704,50.0,50.0
429.0,54.17393614577247,541.7393614577247,4.0,3.6790570071175925,0.32094299288240746,50.0,50.0
430.0,54.20592141731119,542.0592141731119,4.0,3.6801472846128207,0.3198527153871793,50.0,50.0
431.0,54.23779806360582,542.3779806360583,4.0,3.6812335370535507,0.3187664629464493,50.0,50.0
432.0,54.26956648543928,542.6956648543928,4.0,3.6823157816653174,0.31768421833468263,50.0,50.0
433.0,54.30122708188109,543.0122708188109,4.0,3.683394035581833,0.31660596441816713,50.0,50.0
434.0,54.33278025029653,543.3278025029653,4.0,3.6844683158456215,0.3155316841543785,50.0,50.0
435.0,54.36422638635566,543.6422638635566,4.0,3.685538639408646,0.3144613605913542,50.0,50.0
436.0,54.39556588404236,543.9556588404237,4.0,3.686605023132925,0.31339497686707496,50.0,50.0
437.0,54.42679913566325,544.2679913566325,4.0,3.6876674837911554,0.3123325162088446,50.0,50.0
438.0,54.45792653185653,544.5792653185653,4.0,3.688726038067318,0.31127396193268186,50.0,50.0
439.0,54.48894846160079,544.889484616008,4.0,3.689780702557285,0.3102192974427149,50.0,50.0
440.0,54.519865312223835,545.1986531222384,4.0,3.6908314937694184,0.30916850623058156,50.0,50.0
441.0,54.55067746941131,545.5067746941131,4.0,3.6918784281251678,0.30812157187483225,50.0,50.0
442.0,54.58138531721535,545.8138531721535,4.0,3.692921521959657,0.30707847804034305,50.0,50.0
443.0,54.61198923806312,546.1198923806312,4.0,3.69396079152227,0.3060392084777299,50.0,50.0
444.0,54.642489612765374,546.4248961276538,4.0,3.6949962529772313,0.30500374702276867,50.0,50.0
445.0,54.672886820524965,546.7288682052497,4.0,3.696027922404178,0.3039720775958221,50.0,50.0
446.0,54.703181238945085,547.0318123894509,4.0,3.6970558157987337,0.30294418420126634,50.0,50.0
447.0,54.73337324403778,547.3337324403777,4.0,3.698079949073069,0.3019200509269311,50.0,50.0
448.0,54.76346321023213,547.6346321023213,4.0,3.6991003380564633,0.3008996619435367,50.0,50.0
449.0,54.79345151038254,547.9345151038254,4.0,3.7001169984958624,0.2998830015041376,50.0,50.0
450.0,54.823338515776896,548.233385157769,4.0,3.701129946056425,0.2988700539435749,50.0,50.0
451.0,54.85312459614469,548.5312459614469,4.0,3.70213919632207,0.29786080367793,50.0,50.0
452.0,54.882810119665095,548.8281011966509,4.0,3.7031447647960203,0.2968552352039797,50.0,50.0
453.0,54.91239545297496,549.1239545297497,4.0,3.7041466669013356,0.29585333309866435,50.0,50.0
454.0,54.94188096117683,549.4188096117682,4.0,3.7051449179814466,0.29485508201855337,50.0,50.0
455.0,54.97126700784677,549.7126700784677,4.0,3.706139533300683,0.293860466699317,50.0,50.0
456.0,55.000553955042285,550.0055395504229,4.0,3.7071305280447966,0.2928694719552034,50.0,50.0
457.0,55.029742163310125,550.2974216331013,4.0,3.708117917321477,0.2918820826785229,50.0,50.0
458.0,55.05883199169405,550.5883199169405,4.0,3.7091017161608724,0.29089828383912764,50.0,50.0
459.0,55.08782379774245,550.8782379774245,4.0,3.7100819395160958,0.2899180604839042,50.0,50.0
460.0,55.11671793751608,551.1671793751608,4.0,3.7110586022637277,0.28894139773627225,50.0,50.0
461.0,55.14551476559565,551.4551476559565,4.0,3.7120317192043255,0.2879682807956745,50.0,50.0
462.0,55.174214635089356,551.7421463508936,4.0,3.713001305062915,0.28699869493708485,50.0,50.0
463.0,55.20281789764041,552.0281789764041,4.0,3.713967374489488,0.2860326255105119,50.0,50.0
464.0,55.23132490343446,552.3132490343446,4.0,3.7149299420594866,0.28507005794051343,50.0,50.0
465.0,55.25973600120704,552.5973600120703,4.0,3.715889022274295,0.2841109777257049,50.0,50.0
466.0,55.28805153825086,552.8805153825086,4.0,3.716844629561715,0.2831553704382852,50.0,50.0
467.0,55.316271860423214,553.1627186042322,4.0,3.7177967782764454,0.2822032217235546,50.0,50.0
468.0,55.34439731215316,553.4439731215316,4.0,3.718745482700558,0.28125451729944206,50.0,50.0
469.0,55.37242823644877,553.7242823644876,4.0,3.719690757043963,0.280309242956037,50.0,50.0
470.0,55.40036497490428,554.0036497490428,4.0,3.7206326154448774,0.27936738455512256,50.0,50.0
471.0,55.42820786770724,554.2820786770725,4.0,3.721571071970287,0.278428928029713,50.0,50.0
472.0,55.45595725364561,554.559572536456,4.0,3.7225061406164004,0.2774938593835996,50.0,50.0
473.0,55.483613470114705,554.836134701147,4.0,3.7234378353091113,0.2765621646908887,50.0,50.0
474.0,55.511176853124255,555.1117685312425,4.0,3.724366169904441,0.275633830095559,50.0,50.0
475.0,55.53864773730536,555.3864773730536,4.0,3.72529115818899,0.2747088418110102,50.0,50.0
476.0,55.566026455917324,555.6602645591732,4.0,3.7262128138803803,0.2737871861196197,50.0,50.0
477.0,55.59331334085456,555.9331334085456,4.0,3.727131150627696,0.27286884937230393,50.0,50.0
478.0,55.62050872265337,556.2050872265337,4.0,3.7280461820119184,0.2719538179880816,50.0,50.0
479.0,55.64761293049874,556.4761293049874,4.0,3.728957921546359,0.2710420784536409,50.0,50.0
480.0,55.67462629223103,556.7462629223103,4.0,3.7298663826770904,0.27013361732290964,50.0,50.0
481.0,55.7015491343527,557.0154913435271,4.0,3.73077157878337,0.26922842121663004,50.0,50.0
482.0,55.728381782034894,557.283817820349,4.0,3.731673523178063,0.2683264768219371,50.0,50.0
483.0,55.755124559124084,557.5512455912408,4.0,3.7325722291080616,0.26742777089193837,50.0,50.0
484.0,55.781777788148624,557.8177778814862,4.0,3.733467709754702,0.2665322902452978,50.0,50.0
485.0,55.80834179032521,558.0834179032521,4.0,3.7343599782341763,0.2656400217658237,50.0,50.0
486.0,55.83481688556542,558.3481688556542,4.0,3.7352490475979376,0.26475095240206237,50.0,50.0
487.0,55.8612033924821,558.612033924821,4.0,3.7361349308331135,0.26386506916688646,50.0,50.0
488.0,55.88750162839582,558.8750162839582,4.0,3.7370176408629012,0.2629823591370988,50.0,50.0
489.0,55.913711909341124,559.1371190934112,4.0,3.737897190546973,0.2621028094530269,50.0,50.0
490.0,55.93983455007293,559.3983455007293,4.0,3.7387735926818677,0.2612264073181323,50.0,50.0
491.0,55.96586986407279,559.658698640728,4.0,3.739646860001387,0.260353139998613,50.0,50.0
492.0,55.991818163555095,559.9181816355509,4.0,3.7405170051769847,0.2594829948230153,50.0,50.0
493.0,56.01767975947327,560.1767975947328,4.0,3.741384040818154,0.2586159591818462,50.0,50.0
494.0,56.043454961525995,560.4345496152599,4.0,3.7422479794728085,0.2577520205271915,50.0,50.0
495.0,56.069144078163234,560.6914407816323,4.0,3.7431088336276703,0.25689116637232967,50.0,50.0
496.0,56.09474741659237,560.9474741659237,4.0,3.7439666157086404,0.2560333842913596,50.0,50.0
497.0,56.12026528278427,561.2026528278426,4.0,3.7448213380811763,0.25517866191882366,50.0,50.0
498.0,56.1456979814792,561.456979814792,4.0,3.7456730130506677,0.2543269869493323,50.0,50.0
499.0,56.17104581619292,561.7104581619292,4.0,3.7465216528627994,0.25347834713720063,50.0,50.0
500.0,56.19630908922253,561.9630908922253,4.0,3.7473672697039224,0.2526327302960776,50.0,50.0
501.0,56.2214881016524,562.2148810165239,4.0,3.7482098757014173,0.2517901242985827,50.0,50.0
502.0,56.246583153359985,562.4658315335998,4.0,3.7490494829240517,0.2509505170759483,50.0,50.0
503.0,56.27159454302175,562.7159454302175,4.0,3.749886103382341,0.25011389661765904,50.0,50.0
504.0,56.29652256811886,562.9652256811886,4.0,3.750719749028903,0.24928025097109696,50.0,50.0
505.0,56.32136752494298,563.2136752494298,4.0,3.75155043175881,0.24844956824119002,50.0,50.0
506.0,56.346129708601985,563.4612970860198,4.0,3.7523781634099382,0.24762183659006176,50.0,50.0
507.0,56.370809413025654,563.7080941302565,4.0,3.753202955763317,0.24679704423668314,50.0,50.0
508.0,56.395406930971305,563.9540693097131,4.0,3.754024820543468,0.2459751794565319,50.0,50.0
509.0,56.41992255402942,564.1992255402943,4.0,3.7548437694187524,0.24515623058124758,50.0,50.0
510.0,56.44435657262926,564.4435657262926,4.0,3.7556598140017092,0.24434018599829077,50.0,50.0
511.0,56.468709276044315,564.6870927604432,4.0,3.7564729658493907,0.24352703415060928,50.0,50.0
512.0,56.49298095239794,564.9298095239794,4.0,3.7572832364636923,0.24271676353630767,50.0,50.0
513.0,56.51717188866877,565.1717188866877,4.0,3.7580906372916933,0.24190936270830665,50.0,50.0
514.0,56.541282370696166,565.4128237069617,4.0,3.758895179725978,0.24110482027402202,50.0,50.0
515.0,56.56531268318567,565.6531268318566,4.0,3.7596968751049653,0.2403031248950347,50.0,50.0
516.0,56.58926310971434,565.8926310971434,4.0,3.760495734713233,0.23950426528676694,50.0,50.0
517.0,56.61313393273616,566.1313393273616,4.0,3.7612917697818373,0.23870823021816268,50.0,50.0
518.0,56.636925433587294,566.3692543358729,4.0,3.7620849914886345,0.2379150085113655,50.0,50.0
519.0,56.66063789249144,566.6063789249143,4.0,3.7628754109585962,0.23712458904140377,50.0,50.0
520.0,56.684271588565025,566.8427158856503,4.0,3.7636630392641237,0.2363369607358763,50.0,50.0
521.0,56.70782679982249,567.0782679982249,4.0,3.76444788742536,0.23555211257464004,50.0,50.0
522.0,56.73130380318143,567.3130380318144,4.0,3.765229966410501,0.23477003358949888,50.0,50.0
523.0,56.75470287446783,567.5470287446783,4.0,3.7660092871361,0.23399071286389983,50.0,50.0
524.0,56.77802428842109,567.7802428842109,4.0,3.766785860467377,0.23321413953262304,50.0,50.0
525.0,56.80126831869925,568.0126831869925,4.0,3.7675596972185152,0.23244030278148475,50.0,50.0
526.0,56.824435237883954,568.2443523788395,4.0,3.768330808152969,0.23166919184703083,50.0,50.0
527.0,56.847525317485584,568.4752531748558,4.0,3.7690992039837568,0.23090079601624325,50.0,50.0
528.0,56.87053882794822,568.7053882794821,4.0,3.769864895373758,0.2301351046262421,50.0,50.0
529.0,56.89347603865461,568.9347603865461,4.0,3.7706278929360098,0.22937210706399025,50.0,50.0
530.0,56.91633721793122,569.1633721793122,4.0,3.771388207233996,0.22861179276600385,50.0,50.0
531.0,56.93912263305302,569.3912263305302,4.0,3.7721458487819377,0.2278541512180623,50.0,50.0
532.0,56.961832550248516,569.6183255024852,4.0,3.7729008280450804,0.22709917195491958,50.0,50.0
533.0,56.98446723470452,569.8446723470452,4.0,3.7736531554399817,0.2263468445600183,50.0,50.0
534.0,57.00702695057104,570.0702695057104,4.0,3.774402841334789,0.2255971586652108,50.0,50.0
535.0,57.02951196096608,570.2951196096608,4.0,3.7751498960495278,0.22485010395047222,50.0,50.0
536.0,57.051922527980444,570.5192252798045,4.0,3.7758943298563747,0.22410567014362526,50.0,50.0
537.0,57.07425891268245,570.7425891268246,4.0,3.776636152979939,0.22336384702006118,50.0,50.0
538.0,57.0965213751227,570.965213751227,4.0,3.777375375597534,0.2226246244024659,50.0,50.0
539.0,57.11871017433875,571.1871017433875,4.0,3.7781120078394546,0.22188799216054544,50.0,50.0
540.0,57.14082556835983,571.4082556835983,4.0,3.778846059789243,0.22115394021075696,50.0,50.0
541.0,57.16286781421144,571.6286781421144,4.0,3.7795775414839627,0.22042245851603726,50.0,50.0
542.0,57.18483716791999,571.8483716791999,4.0,3.7803064629144636,0.2196935370855364,50.0,50.0
543.0,57.206733884517426,572.0673388451743,4.0,3.7810328340256443,0.21896716597435573,50.0,50.0
544.0,57.228558218045755,572.2855821804576,4.0,3.781756664716723,0.21824333528327688,50.0,50.0
545.0,57.250310421561615,572.5031042156161,4.0,3.7824779648414926,0.21752203515850743,50.0,50.0
546.0,57.271990747140755,572.7199074714075,4.0,3.7831967442085808,0.21680325579141924,50.0,50.0
547.0,57.29359944588259,572.9359944588259,4.0,3.7839130125817095,0.21608698741829047,50.0,50.0
548.0,57.315136767914595,573.151367679146,4.0,3.784626779679953,0.21537322032004713,50.0,50.0
549.0,57.336602962396796,573.366029623968,4.0,3.7853380551779847,0.21466194482201528,50.0,50.0
550.0,57.357998277526164,573.5799827752617,4.0,3.786046848706339,0.21395315129366121,50.0,50.0
551.0,57.379322960541,573.79322960541,4.0,3.7867531698516532,0.21324683014834678,50.0,50.0
552.0,57.4005772577253,574.0057725772531,4.0,3.78745702815692,0.2125429718430798,50.0,50.0
553.0,57.42176141441313,574.2176141441313,4.0,3.788158433121736,0.21184156687826405,50.0,50.0
554.0,57.44287567499289,574.4287567499289,4.0,3.7888573942025427,0.21114260579745725,50.0,50.0
555.0,57.463920282911616,574.6392028291161,4.0,3.7895539208128737,0.21044607918712632,50.0,50.0
556.0,57.484895480679256,574.8489548067926,4.0,3.7902480223235924,0.20975197767640763,50.0,50.0
557.0,57.505801509872946,575.0580150987295,4.0,3.790939708063136,0.20906029193686404,50.0,50.0
558.0,57.52663861114118,575.2663861114117,4.0,3.7916289873177513,0.20837101268224867,50.0,50.0
559.0,57.547407024208,575.47407024208,4.0,3.7923158693317327,0.2076841306682673,50.0,50.0
560.0,57.56810698787723,575.6810698787723,4.0,3.7930003633076548,0.20699963669234522,50.0,50.0
561.0,57.58873874003657,575.8873874003657,4.0,3.7936824784066085,0.20631752159339145,50.0,50.0
562.0,57.60930251766173,576.0930251766173,4.0,3.7943622237484314,0.20563777625156865,50.0,50.0
563.0,57.62979855682053,576.2979855682054,4.0,3.7950396084119378,0.20496039158806223,50.0,50.0
564.0,57.65022709267703,576.5022709267703,4.0,3.7957146414351453,0.20428535856485475,50.0,50.0
565.0,57.670588359495476,576.7058835949548,4.0,3.796387331815506,0.20361266818449408,50.0,50.0
566.0,57.690882590644456,576.9088259064446,4.0,3.797057688510127,0.20294231148987318,50.0,50.0
567.0,57.711110018600856,577.1111001860086,4.0,3.797725720435997,0.20227427956400312,50.0,50.0
568.0,57.73127087495384,577.3127087495384,4.0,3.798391436470208,0.20160856352979195,50.0,50.0
569.0,57.751365390408814,577.5136539040882,4.0,3.799054845450176,0.20094515454982398,50.0,50.0
570.0,57.771393794791436,577.7139379479144,4.0,3.7997159561738565,0.2002840438261435,50.0,50.0
571.0,57.791356317051445,577.9135631705144,4.0,3.8003747773999685,0.19962522260003146,50.0,50.0
572.0,57.81125318526662,578.1125318526662,4.0,3.8010313178482047,0.1989686821517953,50.0,50.0
573.0,57.831084626646664,578.3108462664667,4.0,3.80168558619945,0.19831441380055015,50.0,50.0
574.0,57.85085086753705,578.5085086753705,4.0,3.802337591095992,0.1976624089040082,50.0,50.0
575.0,57.87055213342287,578.7055213342287,4.0,3.8029873411417325,0.19701265885826746,50.0,50.0
576.0,57.89018864893263,578.9018864893263,4.0,3.8036348449024016,0.19636515509759844,50.0,50.0
577.0,57.909760637842055,579.0976063784206,4.0,3.8042801109057622,0.19571988909423776,50.0,50.0
578.0,57.92926832307788,579.2926832307787,4.0,3.804923147641817,0.19507685235818295,50.0,50.0
579.0,57.948711926721586,579.4871192672158,4.0,3.8055639635630185,0.19443603643698149,50.0,50.0
580.0,57.968091670013145,579.6809167001314,4.0,3.8062025670844686,0.19379743291553142,50.0,50.0
581.0,57.98740777335474,579.8740777335473,4.0,3.8068389665841247,0.19316103341587532,50.0,50.0
582.0,58.00666045631444,580.0666045631444,4.0,3.807473170403002,0.19252682959699818,50.0,50.0
583.0,58.0258499376299,580.258499376299,4.0,3.8081051868453697,0.1918948131546303,50.0,50.0
584.0,58.04497643521201,580.44976435212,4.0,3.808735024178956,0.19126497582104385,50.0,50.0
585.0,58.06404016614849,580.6404016614849,4.0,3.8093626906351408,0.19063730936485923,50.0,50.0
586.0,58.08304134670757,580.8304134670757,4.0,3.8099881944091534,0.19001180559084663,50.0,50.0
587.0,58.10198019234154,581.0198019234155,4.0,3.8106115436602686,0.18938845633973145,50.0,50.0
588.0,58.12085691769035,581.2085691769034,4.0,3.8112327465119975,0.1887672534880025,50.0,50.0
589.0,58.13967173658512,581.3967173658511,4.0,3.811851811052285,0.1881481889477148,50.0,50.0
590.0,58.15842486205175,581.5842486205175,4.0,3.812468745333695,0.18753125466630483,50.0,50.0
591.0,58.1771165063144,581.7711650631439,4.0,3.813083557373604,0.18691644262639606,50.0,50.0
592.0,58.19574688079897,581.9574688079897,4.0,3.8136962551543876,0.1863037448456124,50.0,50.0
593.0,58.21431619613661,582.1431619613661,4.0,3.8143068466236096,0.18569315337639036,50.0,50.0
594.0,58.23282466216719,582.328246621672,4.0,3.814915339694205,0.18508466030579518,50.0,50.0
595.0,58.25127248794272,582.5127248794272,4.0,3.8155217422446697,0.18447825775533033,50.0,50.0
596.0,58.269659881730796,582.696598817308,4.0,3.816126062119238,0.18387393788076212,50.0,50.0
597.0,58.287987051017986,582.8798705101799,4.0,3.8167283071280695,0.18327169287193046,50.0,50.0
598.0,58.30625420251323,583.0625420251323,4.0,3.8173284850474287,0.18267151495257128,50.0,50.0
599.0,58.32446154215124,583.2446154215124,4.0,3.817926603619864,0.1820733963801362,50.0,50.0
600.0,58.3426092750958,583.426092750958,4.0,3.8185226705543873,0.18147732944561268,50.0,50.0
